review_id,product_id,customer_id,rating,review_date,comment
4,30,239,5,2025-05-23,Worker raise chair artist.
9,46,16,5,2025-01-24,Treatment relate positive sense national.
15,23,174,5,2025-02-23,Skill city myself idea.
33,9,86,5,2025-03-06,Popular available public economy culture oil week.
38,61,138,5,2025-03-07,Compare parent success teach.
44,48,131,5,2025-08-04,American seven discussion enough doctor protect.
46,38,228,5,2025-02-23,Strong enjoy name community president.
48,6,239,5,2025-02-10,Thought according think key discover method exactly.
74,48,72,5,2025-06-23,Trip give white everybody paper create upon.
79,42,12,5,2025-01-12,Might act strategy eat behavior purpose.
81,43,291,5,2025-05-21,Material current save their deal.
105,52,127,5,2025-03-25,Piece player nor model police finally girl.
111,32,92,5,2025-05-01,Expect sea speak include table.
115,21,141,5,2025-06-11,Your less social form such weight argue.
121,33,107,5,2025-01-20,Address some once how during why.
138,57,25,5,2025-03-09,Second short office purpose reflect interview.
140,57,27,5,2025-02-28,Kitchen good firm yard foot he share issue.
149,42,166,5,2025-04-15,Up plant place approach modern floor north force.
150,25,107,5,2025-05-02,Check purpose young wife send.
180,29,196,5,2025-06-06,Minute later still.
195,57,217,5,2025-04-21,Study fear turn any indicate condition public.
198,11,154,5,2025-07-04,Forget including decide decade around.
199,69,79,5,2025-03-14,More because right painting small religious interview summer.
209,63,158,5,2025-07-15,At chance subject fund heart move.
213,33,179,5,2025-02-17,Sometimes toward child.
263,63,205,5,2025-01-11,Moment rate goal rise.
267,67,293,5,2025-04-10,Two everybody interview tough show food class.
279,29,295,5,2025-01-03,Piece grow be plan.
285,25,60,5,2025-05-04,Add plan toward star.
288,40,32,5,2025-04-27,National focus who degree animal community as.
320,7,61,5,2025-08-05,Could this beautiful hospital.
324,63,155,5,2025-02-22,In garden position for order recent.
329,16,251,5,2025-01-23,Hard day religious program within.
332,36,49,5,2025-03-05,Former relate listen face want wonder off.
339,63,33,5,2025-06-13,Rock increase structure our century field.
344,6,66,5,2025-04-20,Individual man reach each budget.
347,11,64,5,2025-03-18,Certainly leave really group.
353,63,161,5,2025-07-24,Bill choice determine could.
354,46,276,5,2025-07-19,Party story moment mother necessary series box.
370,35,64,5,2025-01-18,Task thus sort voice happen.
383,45,273,5,2025-04-28,Occur live take media hot manager wife.
384,52,245,5,2025-04-01,Short expect article opportunity campaign hand.
392,36,220,5,2025-05-10,Behind front attack song little decide somebody prepare.
399,2,218,5,2025-06-10,Less nice job positive already.
402,52,8,5,2025-07-04,Finish fear as western.
408,47,69,5,2025-01-16,Radio white these view guy resource start.
416,28,157,5,2025-01-24,Able customer figure office.
449,32,79,5,2025-04-28,Us money positive base.
453,14,258,5,2025-06-06,Successful and indicate region.
460,49,209,5,2025-05-18,White likely teacher one cut notice.
474,13,7,5,2025-06-27,Window sit participant teach.
476,47,271,5,2025-01-23,Marriage that child hair standard but dark.
480,16,22,5,2025-01-12,Together weight might radio want kind.
492,38,24,5,2025-05-09,Public research mind easy foreign old state.
494,64,273,5,2025-01-25,Hard moment open million.
496,66,197,5,2025-05-16,Statement certain camera represent can relate.
497,50,206,5,2025-07-06,Brother defense list second want hard weight.
500,28,5,5,2025-08-03,Threat democratic standard major business.
503,38,138,5,2025-01-31,Project chance road become person perhaps hold.
543,70,137,5,2025-03-30,It big argue appear sure I pay in.
555,11,23,5,2025-05-01,Level defense lose shoulder spring.
572,71,255,5,2025-06-28,Mention poor skill unit better author although.
5,28,123,4,2025-06-05,Daughter must grow laugh pattern.
20,27,157,4,2025-02-10,Fast prepare fly.
50,60,222,4,2025-01-13,Result loss long decision claim street.
64,37,178,4,2025-05-25,Including six lot have never.
69,67,283,4,2025-02-23,Represent our watch star policy.
77,29,215,4,2025-05-01,Whom none show serious which learn.
95,42,211,4,2025-03-28,Officer practice Mrs without expect.
102,26,258,4,2025-04-16,Finally easy exist phone capital stuff.
106,43,292,4,2025-03-02,Source kind hand employee field.
110,51,90,4,2025-01-03,Determine bad personal might son party.
123,10,237,4,2025-05-26,Art green child movie blue maintain first next.
127,42,238,4,2025-03-08,Attention choice fast enjoy.
135,35,79,4,2025-07-16,State some around pay more same.
141,1,25,4,2025-05-13,Part none degree she unit effect.
158,9,112,4,2025-05-01,Figure likely forward science.
182,1,34,4,2025-04-06,Couple keep this.
187,65,41,4,2025-05-10,Before relationship plant be.
192,26,140,4,2025-06-14,Part management describe.
193,11,185,4,2025-04-18,Law kind over according think everything pick.
194,49,86,4,2025-06-19,Any challenge president already take.
196,56,80,4,2025-03-30,Occur no whom see growth along shoulder follow.
197,3,196,4,2025-07-19,Star serve successful assume likely business.
201,60,157,4,2025-06-14,This discussion fact cover.
208,51,192,4,2025-03-01,Decade rate son.
221,15,48,4,2025-03-03,Near even wall sound off commercial.
225,65,273,4,2025-03-13,Behavior sort recognize best.
231,13,36,4,2025-06-05,Note garden reason community prove school.
236,65,57,4,2025-01-25,Day theory feel some quickly.
244,75,121,4,2025-03-27,Perhaps lawyer interest star his difficult.
258,32,189,4,2025-02-05,Do raise hope enjoy most itself eye.
259,61,264,4,2025-06-10,High firm morning what best most government.
276,29,132,4,2025-01-07,Place where before movement.
280,9,176,4,2025-05-17,Cause cover rest or majority.
292,29,55,4,2025-06-08,Realize deal policy mission include visit particular.
303,23,250,4,2025-07-01,Learn commercial gas though page smile point.
309,25,281,4,2025-03-09,Really image design.
317,19,193,4,2025-05-04,Send set fly today me.
331,74,294,4,2025-05-30,Way until choose wife.
362,21,205,4,2025-03-26,Onto customer provide ahead certainly.
363,11,131,4,2025-05-21,We girl civil may rock.
368,41,223,4,2025-02-13,Relate news American foreign break exist.
375,2,51,4,2025-02-19,Challenge lawyer business majority discuss.
389,32,215,4,2025-03-15,Space beyond push from.
403,25,4,4,2025-07-19,Public though however style successful door.
413,38,154,4,2025-06-20,Likely include subject response theory star station.
415,1,292,4,2025-01-28,Seven political contain.
423,13,221,4,2025-06-22,Budget require course technology site explain management.
425,66,79,4,2025-01-10,Agreement wish dog late.
429,39,187,4,2025-03-28,Remember special accept mean herself within provide car.
431,14,225,4,2025-05-07,Item employee finish without material wind exactly.
446,55,5,4,2025-07-21,Capital program story mention majority those live none.
448,63,43,4,2025-01-17,American game less difference.
452,55,102,4,2025-02-01,Spend green one shoulder administration scientist leg.
462,44,219,4,2025-05-18,Other never fact maintain main opportunity particularly question.
463,8,262,4,2025-06-18,Discussion art affect office network environmental possible.
478,27,300,4,2025-02-17,Be head senior guess.
481,25,99,4,2025-05-31,Response military attorney.
495,10,85,4,2025-01-05,Once PM you ready way.
520,27,298,4,2025-04-15,A value lot our.
533,13,194,4,2025-07-03,Thing rock ever summer age.
556,20,92,4,2025-06-14,Day contain wrong guy available air.
560,14,139,4,2025-06-28,Treat again quality her skin.
565,15,296,4,2025-07-01,Why though decide bank likely professional ask.
569,64,218,4,2025-07-16,Number very hear nearly care base.
571,32,197,4,2025-06-13,First him conference doctor population grow bar.
574,69,118,4,2025-05-06,Your your sell science treatment across federal state.
575,11,298,4,2025-06-05,Watch state serious activity pressure writer.
586,49,14,4,2025-07-21,Candidate day it report little.
594,68,154,4,2025-05-25,Mean single improve close.
599,2,203,4,2025-02-28,Collection provide action event key concern.
10,15,73,3,2025-03-27,Simply who family concern radio.
13,26,102,3,2025-08-04,Always up others similar.
14,23,113,3,2025-04-04,Successful feeling so nearly authority remain moment whatever.
17,3,91,3,2025-04-02,Little no sell power boy generation drive.
19,49,57,3,2025-05-13,Agency might side method meet.
28,25,275,3,2025-07-30,High state air choose detail section.
36,23,165,3,2025-06-14,When collection finish size Republican political.
54,34,39,3,2025-02-04,Color store over some star consider process.
60,43,101,3,2025-07-23,Best care local discussion teacher exist theory.
61,33,155,3,2025-01-10,Country remember smile official brother.
78,52,276,3,2025-01-30,Television loss election him small detail red son.
99,17,106,3,2025-08-04,Security minute late cold take by.
108,6,47,3,2025-02-06,Across involve fall discuss account.
130,18,242,3,2025-03-07,Party follow political book.
142,26,128,3,2025-01-27,Where a alone expect administration career three.
154,2,206,3,2025-01-19,Range office both including half couple.
163,43,90,3,2025-07-25,Ten affect test power discuss herself.
164,62,35,3,2025-05-07,Tough machine others because.
171,48,256,3,2025-04-29,Travel involve training show prevent north citizen.
176,67,213,3,2025-06-29,Light power contain hold listen clearly difficult impact.
190,23,128,3,2025-01-14,Finally shoulder land phone brother.
224,55,130,3,2025-01-25,Green forward cup serve speak bad type share.
227,14,294,3,2025-07-27,Small think law air little goal.
232,68,214,3,2025-05-08,Student boy other foot best knowledge final.
249,49,267,3,2025-07-21,Movement action law town off former.
251,55,173,3,2025-03-11,Article list college appear wrong.
254,8,183,3,2025-05-18,Process have compare site.
257,16,272,3,2025-06-27,Approach enough standard apply less live.
260,25,2,3,2025-06-28,Particular present evening establish sort effort.
275,42,197,3,2025-02-08,Note various grow radio.
278,63,47,3,2025-03-08,Whose produce federal.
284,15,46,3,2025-02-10,Likely truth animal.
298,65,64,3,2025-03-01,Citizen ahead method audience.
305,71,201,3,2025-02-23,Television describe list leg address into their.
311,75,28,3,2025-01-30,Section agency lawyer sign them if smile.
335,17,51,3,2025-03-29,On develop very everyone against.
373,47,171,3,2025-01-09,Do interesting material share.
374,19,116,3,2025-05-29,Order series song wall green project wear would.
380,37,283,3,2025-01-19,Himself fire heavy least.
388,35,28,3,2025-03-13,Top entire receive onto worry help hope.
390,24,225,3,2025-02-16,Coach federal wide cut player wind.
394,40,209,3,2025-05-28,Congress affect reflect television officer defense while.
411,48,58,3,2025-01-04,Feeling view series father teacher.
419,1,236,3,2025-06-11,Cup increase consider then war.
430,24,275,3,2025-07-17,American conference college manage fund life bed.
433,56,3,3,2025-07-17,Firm yes shake character.
436,51,216,3,2025-05-07,Magazine manage suffer term buy behavior test.
447,62,149,3,2025-01-16,Series specific pass its.
450,24,128,3,2025-02-02,Bad soon feel worker range feel.
465,35,187,3,2025-02-03,Just medical onto rate two table.
477,48,122,3,2025-01-13,Early speak game.
486,54,282,3,2025-07-15,Simple thing base Mr hope rest.
487,72,178,3,2025-07-12,Minute must degree memory.
507,36,69,3,2025-05-26,Whatever miss seek.
510,45,189,3,2025-06-14,Parent I and technology age join increase.
511,11,282,3,2025-07-04,Fish either boy between collection century eight.
517,14,196,3,2025-05-28,Prepare by nothing land suffer matter situation.
526,63,93,3,2025-06-06,Much throughout staff knowledge.
545,14,279,3,2025-04-24,Law foreign court.
554,43,61,3,2025-07-11,Many turn police.
577,12,121,3,2025-02-03,Future beat suffer investment walk individual just.
600,59,284,3,2025-05-09,Throughout mother kind.
3,29,2,2,2025-06-30,Space mission agent certainly prove customer.
6,43,193,2,2025-04-24,Ten score night down six sometimes explain.
18,13,11,2,2025-04-11,Truth during always those high someone box either.
29,20,168,2,2025-06-10,Far plant fear thought whole term possible.
40,27,113,2,2025-06-16,Often shoulder defense already end thus music president.
43,49,293,2,2025-05-26,Cell city not not the certainly rule.
53,23,227,2,2025-03-25,Point these road start water describe paper.
59,5,280,2,2025-01-18,Voice lot shoulder go source.
68,27,243,2,2025-02-04,Itself ask develop bag also his worker pass.
80,5,72,2,2025-06-19,Away use live government thus especially.
84,69,198,2,2025-07-13,Than make worker trouble exactly develop office.
89,63,14,2,2025-07-02,Evidence conference capital office direction between.
91,37,106,2,2025-02-04,Computer matter yet.
114,51,23,2,2025-05-09,Road do character management game find.
116,38,35,2,2025-06-02,Author like court success stage stock.
124,44,205,2,2025-04-12,South just cover ready group care.
126,33,59,2,2025-05-02,Couple cost girl run every story trial.
136,46,92,2,2025-06-25,Back democratic mind big discuss.
137,5,273,2,2025-01-01,Cover prevent now way next.
145,2,173,2,2025-01-30,Choose enter threat economic eight feel.
160,69,292,2,2025-05-01,Heavy town money.
162,42,199,2,2025-02-01,At produce production.
166,49,262,2,2025-05-21,Adult range green few.
167,65,7,2,2025-02-15,Speech personal these three spring.
169,31,220,2,2025-04-25,Their rather individual of interview fine painting last.
173,27,20,2,2025-01-12,Field seat start PM scene charge.
186,71,105,2,2025-01-28,Economic reality trade someone.
188,60,160,2,2025-05-06,Risk window partner civil nearly analysis.
204,18,241,2,2025-06-07,Film media food accept.
215,50,218,2,2025-04-24,Day already hold ten.
217,47,15,2,2025-07-09,Four threat billion she.
218,34,234,2,2025-05-21,Against serve police decide customer.
223,25,217,2,2025-01-04,Relate through picture real.
228,19,138,2,2025-01-31,Executive give offer meet.
233,56,88,2,2025-01-09,Our rate others star.
235,26,250,2,2025-05-26,Produce laugh factor past.
237,73,109,2,2025-07-27,Response trip wrong old particularly member.
238,26,31,2,2025-06-30,System artist too whose.
252,44,162,2,2025-06-15,Agree machine camera baby six edge past every.
262,42,228,2,2025-04-25,Finish action across attack.
272,31,125,2,2025-02-14,Present a also hospital.
274,56,15,2,2025-06-28,Music about west stand.
296,19,146,2,2025-02-14,Civil two approach hair.
301,8,171,2,2025-02-03,Machine three certain until lawyer hold carry rest.
314,38,75,2,2025-04-24,Thousand book half people half compare.
319,46,243,2,2025-02-03,Question mouth factor per son war speak.
336,9,276,2,2025-03-02,Quality whatever wish hour make owner memory.
341,27,61,2,2025-01-12,New report sense carry.
356,31,19,2,2025-04-30,Catch kind would mission wide common.
358,18,283,2,2025-05-01,Read film decide wonder.
359,46,143,2,2025-01-16,Back simple serious amount.
365,10,138,2,2025-07-21,Above rise under turn surface listen recently.
367,21,215,2,2025-01-10,Seven fire letter mind.
382,41,200,2,2025-02-11,Care resource maintain body push process.
404,69,177,2,2025-03-14,Usually miss stock wear use edge this.
410,64,195,2,2025-04-10,Total rate movement door kind account.
414,38,136,2,2025-05-03,Media goal own spend scene.
427,20,129,2,2025-01-06,Require remain save eight believe.
434,26,57,2,2025-07-02,Apply chance discover along employee relationship.
435,37,21,2,2025-01-21,Yet until American ground.
443,3,65,2,2025-03-26,Begin effort drive side human after.
461,40,119,2,2025-06-24,Anything account piece require woman support.
466,45,215,2,2025-05-09,Capital fall represent where strategy pull same.
467,41,25,2,2025-06-10,Son suddenly perform executive see project can.
471,13,221,2,2025-01-19,Pay building difference election.
479,12,55,2,2025-04-20,Charge send instead direction soon.
484,26,274,2,2025-04-26,Them return finish general still too particular.
498,35,106,2,2025-03-26,Book hard face mission brother figure.
502,34,156,2,2025-07-20,Sit little result paper seven measure.
504,16,88,2,2025-07-20,Fund animal provide kitchen everyone because.
506,38,21,2,2025-03-10,Popular be western my.
508,7,128,2,2025-02-16,Build view conference.
514,2,183,2,2025-01-12,Election walk tonight appear dream others.
521,20,229,2,2025-06-27,Yourself successful defense subject example claim.
522,56,189,2,2025-02-28,Attorney bed recognize store rise your there.
524,24,236,2,2025-04-19,Game least outside administration reality position.
530,10,219,2,2025-06-14,Doctor management guy exactly toward.
535,6,68,2,2025-07-02,Item yet ever quite level guess.
536,11,138,2,2025-05-26,This different everyone.
551,15,252,2,2025-03-10,Instead crime customer.
562,1,77,2,2025-06-11,Think there assume certain under some court her.
570,53,171,2,2025-01-24,Goal once let perform international level important.
582,38,236,2,2025-02-28,Could board notice later thus behavior.
593,24,241,2,2025-05-03,Training in seven building hard.
598,23,258,2,2025-02-03,Success color adult beyond family.
1,43,84,1,2025-05-07,Mean reason follow break.
7,52,95,1,2025-04-20,Unit hold what.
8,47,6,1,2025-04-28,Whole approach season data than team.
23,56,34,1,2025-03-01,Position vote section child learn forward.
27,55,126,1,2025-02-16,Face rate paper example.
45,11,69,1,2025-02-22,Hold truth thing always possible billion.
52,35,196,1,2025-03-15,Argue election conference when.
70,60,175,1,2025-01-22,Cut prevent sound.
73,58,286,1,2025-01-05,Only military say attention bed expect.
75,17,157,1,2025-03-16,End imagine blood.
83,27,201,1,2025-04-19,Pass share must amount lot per manage.
92,38,269,1,2025-06-30,Military result size feel no nothing huge real.
104,19,229,1,2025-02-05,Window music evening know wide recently computer.
113,24,292,1,2025-04-03,Could affect anyone movement control bill especially.
118,16,189,1,2025-05-17,Miss word list race.
122,6,237,1,2025-03-18,Read choice side eat matter rather full.
125,51,20,1,2025-07-20,Magazine join far.
131,21,88,1,2025-02-24,Analysis visit condition all.
134,22,40,1,2025-06-24,Life police guess sea.
144,3,216,1,2025-06-20,Try memory number occur behind.
146,9,113,1,2025-03-14,Notice design baby foot lot major.
147,22,86,1,2025-07-20,Standard believe politics also space high sister.
148,54,263,1,2025-07-29,Girl stage indicate test thank dinner.
151,51,220,1,2025-03-16,Bed it skill challenge from live seat.
152,30,110,1,2025-03-05,Energy huge its recently seven lose.
156,59,113,1,2025-07-29,Current health serious table both.
175,36,163,1,2025-03-28,Partner others discuss ago bag sister care.
183,9,99,1,2025-06-01,Leave institution party approach might.
205,20,98,1,2025-04-28,Game right pattern ahead compare form.
229,51,158,1,2025-01-09,For power society mouth.
230,22,252,1,2025-01-07,Including per nature wind himself future sport opportunity.
241,11,151,1,2025-06-28,Style child young prove care author.
245,63,52,1,2025-01-16,Account marriage room Republican especially unit office almost.
247,75,22,1,2025-07-04,Let back three because line.
248,28,268,1,2025-05-20,Range much often party.
256,52,72,1,2025-06-26,Sell include himself produce rise cold official.
261,3,185,1,2025-03-19,Leave push drop public side mind.
283,15,149,1,2025-02-24,Vote thank Mr scientist do author save.
302,27,116,1,2025-04-07,Wish dark camera realize arrive carry.
304,39,82,1,2025-03-30,Official need discover in.
307,51,201,1,2025-01-14,Always likely shoulder.
315,28,101,1,2025-03-10,Night similar catch friend.
316,47,295,1,2025-03-02,Power say sell that.
318,22,29,1,2025-01-16,Approach health laugh may stop.
325,23,193,1,2025-06-27,Knowledge fight car smile commercial employee machine.
327,57,189,1,2025-04-02,Republican expect win stuff.
328,16,60,1,2025-05-01,Claim bring year off.
340,75,276,1,2025-07-07,Would at whether series because important trial.
343,58,161,1,2025-05-19,Different social child feel policy PM buy.
346,72,132,1,2025-02-05,Health run adult employee.
349,22,217,1,2025-04-10,Message short consumer behind.
350,32,154,1,2025-05-24,Myself their step rate.
355,27,51,1,2025-01-30,Bring capital admit give.
369,4,127,1,2025-03-26,Reach subject difficult imagine world.
376,29,194,1,2025-08-05,Ahead scene store marriage.
385,17,133,1,2025-06-15,Agree through game best generation group goal product.
395,12,41,1,2025-05-20,Environmental point speak table trade various risk.
397,74,30,1,2025-07-05,Plant suffer environment expert.
401,66,273,1,2025-07-02,White magazine after.
407,29,90,1,2025-03-21,Make hear we first.
420,39,182,1,2025-07-14,Difference way type positive phone trade wind.
442,17,57,1,2025-06-10,Can tell soon executive sometimes season natural.
456,17,206,1,2025-01-09,Rise field spend pattern real white push source.
459,26,47,1,2025-01-21,Teach Mrs beat show challenge instead bring total.
464,7,156,1,2025-07-16,Bring performance position large job claim risk.
473,43,156,1,2025-03-27,Relationship unit just lead.
531,59,207,1,2025-05-06,Decide cultural start how thank notice management necessary.
532,68,71,1,2025-04-18,Public owner compare open second camera value.
534,3,57,1,2025-05-01,Pass quite third ability interview pull practice.
537,2,5,1,2025-01-15,Large accept create bank occur agent scene.
538,70,174,1,2025-04-29,When true culture forget as personal.
542,20,125,1,2025-06-30,Site artist sort area.
544,16,11,1,2025-07-06,Skin perhaps law less into per big prepare.
552,15,115,1,2025-07-23,Size game property reason word.
553,37,183,1,2025-03-25,System not friend federal forget bit.
564,58,245,1,2025-02-28,Smile foreign apply somebody their.
566,36,75,1,2025-02-18,Seem population meeting material less focus.
578,1,105,1,2025-07-02,Air catch them figure scene matter probably.
580,18,57,1,2025-03-20,Nothing allow cause.
587,48,28,1,2025-03-27,Voice onto maybe range every account central.
590,47,73,1,2025-05-08,Hospital statement sure indeed conference.
591,32,40,1,2025-04-01,Leader treat contain notice hour watch.
597,20,31,1,2025-01-31,Bar prevent require just.
