review_id,product_id,customer_id,rating,review_date,comment
1,43,84,1,2025-05-07,Mean reason follow break.
2,59,22,4,2024-12-19,Lose number project individual security subject experience.
3,29,2,2,2025-06-30,Space mission agent certainly prove customer.
4,30,239,5,2025-05-23,Worker raise chair artist.
5,28,123,4,2025-06-05,Daughter must grow laugh pattern.
6,43,193,2,2025-04-24,Ten score night down six sometimes explain.
7,52,95,1,2025-04-20,Unit hold what.
8,47,6,1,2025-04-28,Whole approach season data than team.
9,46,16,5,2025-01-24,Treatment relate positive sense national.
10,15,73,3,2025-03-27,Simply who family concern radio.
11,57,100,5,2024-10-16,Same budget American evidence.
12,47,23,1,2024-11-15,Claim suffer accept letter.
13,26,102,3,2025-08-04,Always up others similar.
14,23,113,3,2025-04-04,Successful feeling so nearly authority remain moment whatever.
15,23,174,5,2025-02-23,Skill city myself idea.
16,32,92,2,2024-12-18,Third professional former family wear.
17,3,91,3,2025-04-02,Little no sell power boy generation drive.
18,13,11,2,2025-04-11,Truth during always those high someone box either.
19,49,57,3,2025-05-13,Agency might side method meet.
20,27,157,4,2025-02-10,Fast prepare fly.
21,31,190,3,2024-09-05,Cold what Mrs account.
22,22,270,5,2024-08-30,Prove similar ten interest billion.
23,56,34,1,2025-03-01,Position vote section child learn forward.
24,19,67,2,2024-09-07,Approach some newspaper offer.
25,25,273,4,2024-11-01,Imagine later identify first hope.
26,48,163,5,2024-09-19,Accept result as second animal summer group.
27,55,126,1,2025-02-16,Face rate paper example.
28,25,275,3,2025-07-30,High state air choose detail section.
29,20,168,2,2025-06-10,Far plant fear thought whole term possible.
30,7,144,2,2024-08-09,Themselves center among of hour natural be.
31,66,300,4,2024-10-25,Deep town surface central contain pattern.
32,27,42,4,2024-11-11,Boy provide note approach seem.
33,9,86,5,2025-03-06,Popular available public economy culture oil week.
34,50,261,3,2024-12-21,Provide doctor expect attorney.
35,64,266,4,2024-10-19,Magazine foreign process really charge note.
36,23,165,3,2025-06-14,When collection finish size Republican political.
37,68,248,4,2024-11-20,Care run there leg grow figure.
38,61,138,5,2025-03-07,Compare parent success teach.
39,52,299,1,2024-09-28,Cultural safe phone road throughout support place.
40,27,113,2,2025-06-16,Often shoulder defense already end thus music president.
41,58,121,4,2024-10-01,Hotel through operation tax card may.
42,28,157,4,2024-09-09,Hair action draw who word range.
43,49,293,2,2025-05-26,Cell city not not the certainly rule.
44,48,131,5,2025-08-04,American seven discussion enough doctor protect.
45,11,69,1,2025-02-22,Hold truth thing always possible billion.
46,38,228,5,2025-02-23,Strong enjoy name community president.
47,46,118,5,2024-12-24,President structure might heavy trade might good test.
48,6,239,5,2025-02-10,Thought according think key discover method exactly.
49,44,219,4,2024-10-02,Church own stage produce.
50,60,222,4,2025-01-13,Result loss long decision claim street.
51,48,255,3,2024-08-13,Amount of claim picture always.
52,35,196,1,2025-03-15,Argue election conference when.
53,23,227,2,2025-03-25,Point these road start water describe paper.
54,34,39,3,2025-02-04,Color store over some star consider process.
55,11,151,5,2024-11-15,Right garden law opportunity.
56,66,280,1,2024-11-02,History board dark teacher mean information.
57,36,117,1,2024-10-02,Benefit live pass although six me brother lot.
58,16,37,3,2024-09-24,Much ability visit question issue inside themselves recently.
59,5,280,2,2025-01-18,Voice lot shoulder go source.
60,43,101,3,2025-07-23,Best care local discussion teacher exist theory.
61,33,155,3,2025-01-10,Country remember smile official brother.
62,25,71,5,2024-08-07,Pressure reach firm gun choice prepare.
63,34,5,3,2024-11-11,Talk interest hand every quite.
64,37,178,4,2025-05-25,Including six lot have never.
65,52,297,1,2024-11-11,Officer similar huge catch tell.
66,61,263,2,2024-09-20,Land record class Democrat hundred.
67,51,117,2,2024-12-14,Pass range appear home player source statement.
68,27,243,2,2025-02-04,Itself ask develop bag also his worker pass.
69,67,283,4,2025-02-23,Represent our watch star policy.
70,60,175,1,2025-01-22,Cut prevent sound.
71,41,97,4,2024-11-24,Almost outside middle discuss college.
72,54,108,4,2024-08-19,Dream a church you sister good.
73,58,286,1,2025-01-05,Only military say attention bed expect.
74,48,72,5,2025-06-23,Trip give white everybody paper create upon.
75,17,157,1,2025-03-16,End imagine blood.
76,64,182,3,2024-09-02,Family water sort what then spend offer.
77,29,215,4,2025-05-01,Whom none show serious which learn.
78,52,276,3,2025-01-30,Television loss election him small detail red son.
79,42,12,5,2025-01-12,Might act strategy eat behavior purpose.
80,5,72,2,2025-06-19,Away use live government thus especially.
81,43,291,5,2025-05-21,Material current save their deal.
82,74,201,4,2024-10-22,Student green single build bad.
83,27,201,1,2025-04-19,Pass share must amount lot per manage.
84,69,198,2,2025-07-13,Than make worker trouble exactly develop office.
85,61,56,3,2024-08-26,Son long must maybe hour rather company.
86,73,232,3,2024-09-20,Least ready activity decision ok foot party.
87,12,88,1,2024-11-13,Nature down likely party.
88,71,91,1,2024-12-25,Material decision red head.
89,63,14,2,2025-07-02,Evidence conference capital office direction between.
90,26,36,4,2024-11-17,New task cultural son school.
91,37,106,2,2025-02-04,Computer matter yet.
92,38,269,1,2025-06-30,Military result size feel no nothing huge real.
93,59,30,3,2024-08-28,Sport live picture last free.
94,67,6,2,2024-12-23,Night use election after building test.
95,42,211,4,2025-03-28,Officer practice Mrs without expect.
96,21,57,2,2024-12-09,Maintain say threat high expert place certain.
97,69,215,4,2024-10-09,Instead partner if trade bad gas.
98,9,200,2,2024-12-04,President report painting house thought sit.
99,17,106,3,2025-08-04,Security minute late cold take by.
100,56,244,2,2024-11-04,Wait red bag cold billion.
101,74,159,5,2024-08-29,Nature ago however share bar energy choice.
102,26,258,4,2025-04-16,Finally easy exist phone capital stuff.
103,36,104,1,2024-08-16,Professional team foot.
104,19,229,1,2025-02-05,Window music evening know wide recently computer.
105,52,127,5,2025-03-25,Piece player nor model police finally girl.
106,43,292,4,2025-03-02,Source kind hand employee field.
107,59,237,5,2024-08-05,Spring summer gas light across two water.
108,6,47,3,2025-02-06,Across involve fall discuss account.
109,59,178,3,2024-12-28,In night house clear say.
110,51,90,4,2025-01-03,Determine bad personal might son party.
111,32,92,5,2025-05-01,Expect sea speak include table.
112,56,235,4,2024-10-14,Face PM pay evening.
113,24,292,1,2025-04-03,Could affect anyone movement control bill especially.
114,51,23,2,2025-05-09,Road do character management game find.
115,21,141,5,2025-06-11,Your less social form such weight argue.
116,38,35,2,2025-06-02,Author like court success stage stock.
117,64,211,5,2024-09-21,His window east yes current.
118,16,189,1,2025-05-17,Miss word list race.
119,14,259,3,2024-12-04,City rock seat near business loss.
120,53,231,2,2024-11-29,Growth appear project wind door.
121,33,107,5,2025-01-20,Address some once how during why.
122,6,237,1,2025-03-18,Read choice side eat matter rather full.
123,10,237,4,2025-05-26,Art green child movie blue maintain first next.
124,44,205,2,2025-04-12,South just cover ready group care.
125,51,20,1,2025-07-20,Magazine join far.
126,33,59,2,2025-05-02,Couple cost girl run every story trial.
127,42,238,4,2025-03-08,Attention choice fast enjoy.
128,60,35,1,2024-12-25,A point here control affect task simply.
129,71,125,4,2024-11-05,Return probably much hold model marriage.
130,18,242,3,2025-03-07,Party follow political book.
131,21,88,1,2025-02-24,Analysis visit condition all.
132,13,91,3,2024-09-15,Court all politics home majority perhaps opportunity.
133,16,274,4,2024-08-24,Determine responsibility actually TV pretty up.
134,22,40,1,2025-06-24,Life police guess sea.
135,35,79,4,2025-07-16,State some around pay more same.
136,46,92,2,2025-06-25,Back democratic mind big discuss.
137,5,273,2,2025-01-01,Cover prevent now way next.
138,57,25,5,2025-03-09,Second short office purpose reflect interview.
139,14,200,3,2024-09-14,Society nearly measure price.
140,57,27,5,2025-02-28,Kitchen good firm yard foot he share issue.
141,1,25,4,2025-05-13,Part none degree she unit effect.
142,26,128,3,2025-01-27,Where a alone expect administration career three.
143,31,103,1,2024-08-07,Worker Democrat fire sign wall.
144,3,216,1,2025-06-20,Try memory number occur behind.
145,2,173,2,2025-01-30,Choose enter threat economic eight feel.
146,9,113,1,2025-03-14,Notice design baby foot lot major.
147,22,86,1,2025-07-20,Standard believe politics also space high sister.
148,54,263,1,2025-07-29,Girl stage indicate test thank dinner.
149,42,166,5,2025-04-15,Up plant place approach modern floor north force.
150,25,107,5,2025-05-02,Check purpose young wife send.
151,51,220,1,2025-03-16,Bed it skill challenge from live seat.
152,30,110,1,2025-03-05,Energy huge its recently seven lose.
153,46,166,2,2024-10-20,House number night young modern drug entire.
154,2,206,3,2025-01-19,Range office both including half couple.
155,2,200,2,2024-12-16,Pretty show college glass start sort perhaps key.
156,59,113,1,2025-07-29,Current health serious table both.
157,36,189,1,2024-08-26,We unit than star add.
158,9,112,4,2025-05-01,Figure likely forward science.
159,39,256,1,2024-10-26,National seek nature performance yeah.
160,69,292,2,2025-05-01,Heavy town money.
161,33,49,5,2024-11-12,Art customer recent even.
162,42,199,2,2025-02-01,At produce production.
163,43,90,3,2025-07-25,Ten affect test power discuss herself.
164,62,35,3,2025-05-07,Tough machine others because.
165,3,300,4,2024-10-21,Whom night Republican always two figure majority.
166,49,262,2,2025-05-21,Adult range green few.
167,65,7,2,2025-02-15,Speech personal these three spring.
168,3,64,3,2024-08-16,We difficult game hotel case role minute.
169,31,220,2,2025-04-25,Their rather individual of interview fine painting last.
170,11,31,2,2024-09-25,Present ok range dark catch.
171,48,256,3,2025-04-29,Travel involve training show prevent north citizen.
172,26,78,4,2024-08-31,Mouth rest contain style certainly ahead five.
173,27,20,2,2025-01-12,Field seat start PM scene charge.
174,57,169,2,2024-10-16,Capital ago worry pay.
175,36,163,1,2025-03-28,Partner others discuss ago bag sister care.
176,67,213,3,2025-06-29,Light power contain hold listen clearly difficult impact.
177,4,118,3,2024-08-10,Wear development provide dark daughter.
178,44,125,2,2024-10-12,Term majority foot leader east if.
179,70,28,2,2024-08-21,Save herself fine particularly score order modern then.
180,29,196,5,2025-06-06,Minute later still.
181,42,94,4,2024-08-21,Million how same newspaper might.
182,1,34,4,2025-04-06,Couple keep this.
183,9,99,1,2025-06-01,Leave institution party approach might.
184,19,105,2,2024-09-29,Stop later reveal both single visit receive.
185,12,89,5,2024-09-26,Including late condition opportunity Republican dark.
186,71,105,2,2025-01-28,Economic reality trade someone.
187,65,41,4,2025-05-10,Before relationship plant be.
188,60,160,2,2025-05-06,Risk window partner civil nearly analysis.
189,26,126,4,2024-10-10,Not process change than condition Republican.
190,23,128,3,2025-01-14,Finally shoulder land phone brother.
191,37,296,4,2024-09-25,About she activity marriage material.
192,26,140,4,2025-06-14,Part management describe.
193,11,185,4,2025-04-18,Law kind over according think everything pick.
194,49,86,4,2025-06-19,Any challenge president already take.
195,57,217,5,2025-04-21,Study fear turn any indicate condition public.
196,56,80,4,2025-03-30,Occur no whom see growth along shoulder follow.
197,3,196,4,2025-07-19,Star serve successful assume likely business.
198,11,154,5,2025-07-04,Forget including decide decade around.
199,69,79,5,2025-03-14,More because right painting small religious interview summer.
200,23,132,4,2024-11-13,Offer perhaps until pass market role marriage.
201,60,157,4,2025-06-14,This discussion fact cover.
202,37,193,5,2024-09-19,Let someone scene.
203,62,37,3,2024-10-24,Yourself increase free night point action cut example.
204,18,241,2,2025-06-07,Film media food accept.
205,20,98,1,2025-04-28,Game right pattern ahead compare form.
206,2,257,3,2024-12-14,Trouble something population loss physical throughout Mr.
207,63,208,4,2024-12-13,Six including sea strong federal right firm.
208,51,192,4,2025-03-01,Decade rate son.
209,63,158,5,2025-07-15,At chance subject fund heart move.
210,10,210,1,2024-10-08,Paper cost bring site final tax report.
211,16,198,5,2024-11-18,Beautiful theory he stop few modern.
212,21,100,4,2024-10-11,Hear also dark begin.
213,33,179,5,2025-02-17,Sometimes toward child.
214,63,189,1,2024-12-15,Run model simply century the state visit.
215,50,218,2,2025-04-24,Day already hold ten.
216,32,245,1,2024-09-18,Financial analysis summer.
217,47,15,2,2025-07-09,Four threat billion she.
218,34,234,2,2025-05-21,Against serve police decide customer.
219,33,127,5,2024-11-24,Mother significant provide evening church.
220,75,83,1,2024-09-18,When nice bill.
221,15,48,4,2025-03-03,Near even wall sound off commercial.
222,51,42,5,2024-12-03,Throughout music anything ahead tough anyone himself beat.
223,25,217,2,2025-01-04,Relate through picture real.
224,55,130,3,2025-01-25,Green forward cup serve speak bad type share.
225,65,273,4,2025-03-13,Behavior sort recognize best.
226,40,211,1,2024-12-03,Like water century time election guy contain.
227,14,294,3,2025-07-27,Small think law air little goal.
228,19,138,2,2025-01-31,Executive give offer meet.
229,51,158,1,2025-01-09,For power society mouth.
230,22,252,1,2025-01-07,Including per nature wind himself future sport opportunity.
231,13,36,4,2025-06-05,Note garden reason community prove school.
232,68,214,3,2025-05-08,Student boy other foot best knowledge final.
233,56,88,2,2025-01-09,Our rate others star.
234,48,96,2,2024-12-10,Population article design catch oil sense special.
235,26,250,2,2025-05-26,Produce laugh factor past.
236,65,57,4,2025-01-25,Day theory feel some quickly.
237,73,109,2,2025-07-27,Response trip wrong old particularly member.
238,26,31,2,2025-06-30,System artist too whose.
239,25,133,4,2024-08-05,Star grow technology tend dog reduce hour.
240,57,56,2,2024-12-06,Image itself deep community cause new.
241,11,151,1,2025-06-28,Style child young prove care author.
242,49,64,3,2024-08-11,Return main join wrong.
243,9,176,1,2024-09-06,Politics indeed lay smile.
244,75,121,4,2025-03-27,Perhaps lawyer interest star his difficult.
245,63,52,1,2025-01-16,Account marriage room Republican especially unit office almost.
246,8,137,1,2024-08-19,Low happy oil which bag room money.
247,75,22,1,2025-07-04,Let back three because line.
248,28,268,1,2025-05-20,Range much often party.
249,49,267,3,2025-07-21,Movement action law town off former.
250,63,243,3,2024-12-20,Eye along type see risk.
251,55,173,3,2025-03-11,Article list college appear wrong.
252,44,162,2,2025-06-15,Agree machine camera baby six edge past every.
253,47,205,4,2024-11-12,Scientist page travel.
254,8,183,3,2025-05-18,Process have compare site.
255,13,2,4,2024-11-04,Congress month almost worker whose other start.
256,52,72,1,2025-06-26,Sell include himself produce rise cold official.
257,16,272,3,2025-06-27,Approach enough standard apply less live.
258,32,189,4,2025-02-05,Do raise hope enjoy most itself eye.
259,61,264,4,2025-06-10,High firm morning what best most government.
260,25,2,3,2025-06-28,Particular present evening establish sort effort.
261,3,185,1,2025-03-19,Leave push drop public side mind.
262,42,228,2,2025-04-25,Finish action across attack.
263,63,205,5,2025-01-11,Moment rate goal rise.
264,11,179,4,2024-11-10,Alone people arm order thus.
265,61,52,4,2024-10-28,Point remain build task candidate prevent tonight not.
266,38,100,2,2024-10-15,Receive education level view.
267,67,293,5,2025-04-10,Two everybody interview tough show food class.
268,5,66,4,2024-09-02,Since him four art western.
269,12,155,5,2024-11-15,Key man up particular.
270,60,87,4,2024-10-13,Board music issue pass blood kid else.
271,15,247,5,2024-08-18,Audience road since affect.
272,31,125,2,2025-02-14,Present a also hospital.
273,22,46,1,2024-10-02,Toward off middle vote make job.
274,56,15,2,2025-06-28,Music about west stand.
275,42,197,3,2025-02-08,Note various grow radio.
276,29,132,4,2025-01-07,Place where before movement.
277,16,70,5,2024-12-15,Subject set face data.
278,63,47,3,2025-03-08,Whose produce federal.
279,29,295,5,2025-01-03,Piece grow be plan.
280,9,176,4,2025-05-17,Cause cover rest or majority.
281,49,288,4,2024-08-29,Poor matter who speech whom administration fund.
282,30,115,3,2024-12-14,If deep president.
283,15,149,1,2025-02-24,Vote thank Mr scientist do author save.
284,15,46,3,2025-02-10,Likely truth animal.
285,25,60,5,2025-05-04,Add plan toward star.
286,48,66,3,2024-09-11,Particularly structure ask stage box organization past.
287,49,296,1,2024-08-29,International specific word question food.
288,40,32,5,2025-04-27,National focus who degree animal community as.
289,69,98,4,2024-11-19,Serious collection have close.
290,55,164,3,2024-11-07,American beyond suggest partner sing administration main according.
291,17,267,5,2024-10-13,Religious order exist really.
292,29,55,4,2025-06-08,Realize deal policy mission include visit particular.
293,2,276,4,2024-08-19,Conference matter wear physical site girl above dog.
294,41,75,3,2024-09-19,With peace television would medical less phone.
295,29,256,4,2024-10-24,Apply both chance such treatment.
296,19,146,2,2025-02-14,Civil two approach hair.
297,5,164,3,2024-10-25,Edge pattern three law bit appear.
298,65,64,3,2025-03-01,Citizen ahead method audience.
299,74,245,2,2024-11-04,Or for cup quality for single.
300,64,150,4,2024-12-09,Better scene thank heart determine.
301,8,171,2,2025-02-03,Machine three certain until lawyer hold carry rest.
302,27,116,1,2025-04-07,Wish dark camera realize arrive carry.
303,23,250,4,2025-07-01,Learn commercial gas though page smile point.
304,39,82,1,2025-03-30,Official need discover in.
305,71,201,3,2025-02-23,Television describe list leg address into their.
306,55,243,3,2024-11-09,Its develop until watch trial together.
307,51,201,1,2025-01-14,Always likely shoulder.
308,68,145,3,2024-08-18,Most look something start laugh drive.
309,25,281,4,2025-03-09,Really image design.
310,13,68,3,2024-12-22,Dream your administration protect class.
311,75,28,3,2025-01-30,Section agency lawyer sign them if smile.
312,59,84,5,2024-12-26,Less plant team audience throw four allow international.
313,18,227,4,2024-11-17,My some skin ball thing save area war.
314,38,75,2,2025-04-24,Thousand book half people half compare.
315,28,101,1,2025-03-10,Night similar catch friend.
316,47,295,1,2025-03-02,Power say sell that.
317,19,193,4,2025-05-04,Send set fly today me.
318,22,29,1,2025-01-16,Approach health laugh may stop.
319,46,243,2,2025-02-03,Question mouth factor per son war speak.
320,7,61,5,2025-08-05,Could this beautiful hospital.
321,44,223,2,2024-10-13,When baby clearly born challenge.
322,52,126,1,2024-10-02,Minute physical fall wide must.
323,16,124,4,2024-09-25,Get kitchen popular factor as the discussion.
324,63,155,5,2025-02-22,In garden position for order recent.
325,23,193,1,2025-06-27,Knowledge fight car smile commercial employee machine.
326,60,196,3,2024-11-24,Chance expect what.
327,57,189,1,2025-04-02,Republican expect win stuff.
328,16,60,1,2025-05-01,Claim bring year off.
329,16,251,5,2025-01-23,Hard day religious program within.
330,29,12,5,2024-10-01,Large wish move building agent use.
331,74,294,4,2025-05-30,Way until choose wife.
332,36,49,5,2025-03-05,Former relate listen face want wonder off.
333,24,197,4,2024-10-01,Rock two full both look always question.
334,56,153,5,2024-09-19,Agent pay detail group for.
335,17,51,3,2025-03-29,On develop very everyone against.
336,9,276,2,2025-03-02,Quality whatever wish hour make owner memory.
337,52,11,4,2024-08-26,Huge respond into history activity general.
338,72,275,5,2024-12-02,Them because road know yeah sound eye.
339,63,33,5,2025-06-13,Rock increase structure our century field.
340,75,276,1,2025-07-07,Would at whether series because important trial.
341,27,61,2,2025-01-12,New report sense carry.
342,24,3,5,2024-10-16,Face make state few one management.
343,58,161,1,2025-05-19,Different social child feel policy PM buy.
344,6,66,5,2025-04-20,Individual man reach each budget.
345,27,83,1,2024-11-20,Yes at seat ok not than physical.
346,72,132,1,2025-02-05,Health run adult employee.
347,11,64,5,2025-03-18,Certainly leave really group.
348,39,187,5,2024-08-25,Guess player western any factor.
349,22,217,1,2025-04-10,Message short consumer behind.
350,32,154,1,2025-05-24,Myself their step rate.
351,67,151,5,2024-11-29,Rate read benefit oil statement.
352,57,72,5,2024-08-10,Million health machine future.
353,63,161,5,2025-07-24,Bill choice determine could.
354,46,276,5,2025-07-19,Party story moment mother necessary series box.
355,27,51,1,2025-01-30,Bring capital admit give.
356,31,19,2,2025-04-30,Catch kind would mission wide common.
357,19,154,2,2024-12-01,Season budget campaign.
358,18,283,2,2025-05-01,Read film decide wonder.
359,46,143,2,2025-01-16,Back simple serious amount.
360,55,39,5,2024-09-15,Soldier message arrive.
361,33,134,4,2024-09-20,Analysis feeling act benefit buy.
362,21,205,4,2025-03-26,Onto customer provide ahead certainly.
363,11,131,4,2025-05-21,We girl civil may rock.
364,19,275,2,2024-11-06,Now between official add describe course example.
365,10,138,2,2025-07-21,Above rise under turn surface listen recently.
366,48,289,5,2024-10-15,Pull blue strong wonder interest method.
367,21,215,2,2025-01-10,Seven fire letter mind.
368,41,223,4,2025-02-13,Relate news American foreign break exist.
369,4,127,1,2025-03-26,Reach subject difficult imagine world.
370,35,64,5,2025-01-18,Task thus sort voice happen.
371,15,281,4,2024-08-09,Public how mission put budget house reason.
372,9,169,1,2024-09-13,Ask window full organization.
373,47,171,3,2025-01-09,Do interesting material share.
374,19,116,3,2025-05-29,Order series song wall green project wear would.
375,2,51,4,2025-02-19,Challenge lawyer business majority discuss.
376,29,194,1,2025-08-05,Ahead scene store marriage.
377,16,90,5,2024-08-15,Him quickly check perform.
378,40,251,1,2024-09-11,Produce mind man letter.
379,68,179,5,2024-11-27,Make energy gas teacher national weight all.
380,37,283,3,2025-01-19,Himself fire heavy least.
381,13,25,2,2024-08-17,News team field relationship.
382,41,200,2,2025-02-11,Care resource maintain body push process.
383,45,273,5,2025-04-28,Occur live take media hot manager wife.
384,52,245,5,2025-04-01,Short expect article opportunity campaign hand.
385,17,133,1,2025-06-15,Agree through game best generation group goal product.
386,66,80,2,2024-11-09,Possible or travel assume figure.
387,19,194,5,2024-12-14,After for leave tell.
388,35,28,3,2025-03-13,Top entire receive onto worry help hope.
389,32,215,4,2025-03-15,Space beyond push from.
390,24,225,3,2025-02-16,Coach federal wide cut player wind.
391,60,258,3,2024-09-03,Degree enter father of source person when.
392,36,220,5,2025-05-10,Behind front attack song little decide somebody prepare.
393,30,157,1,2024-11-30,Sound item music customer I person law.
394,40,209,3,2025-05-28,Congress affect reflect television officer defense while.
395,12,41,1,2025-05-20,Environmental point speak table trade various risk.
396,31,48,2,2024-08-28,Customer leg drive second she such improve.
397,74,30,1,2025-07-05,Plant suffer environment expert.
398,37,284,4,2024-10-06,Rather door draw change agree.
399,2,218,5,2025-06-10,Less nice job positive already.
400,18,246,4,2024-10-05,Carry election sound probably compare.
401,66,273,1,2025-07-02,White magazine after.
402,52,8,5,2025-07-04,Finish fear as western.
403,25,4,4,2025-07-19,Public though however style successful door.
404,69,177,2,2025-03-14,Usually miss stock wear use edge this.
405,68,22,5,2024-11-05,Business southern forget once hope security door institution.
406,58,87,5,2024-09-30,Compare wide keep effect.
407,29,90,1,2025-03-21,Make hear we first.
408,47,69,5,2025-01-16,Radio white these view guy resource start.
409,46,27,4,2024-08-13,Alone science sometimes area true public education his.
410,64,195,2,2025-04-10,Total rate movement door kind account.
411,48,58,3,2025-01-04,Feeling view series father teacher.
412,32,277,1,2024-10-06,Place these short image almost term.
413,38,154,4,2025-06-20,Likely include subject response theory star station.
414,38,136,2,2025-05-03,Media goal own spend scene.
415,1,292,4,2025-01-28,Seven political contain.
416,28,157,5,2025-01-24,Able customer figure office.
417,5,238,5,2024-09-17,Economic require should power.
418,63,30,3,2024-09-24,Rate society floor long same end reach step.
419,1,236,3,2025-06-11,Cup increase consider then war.
420,39,182,1,2025-07-14,Difference way type positive phone trade wind.
421,1,180,2,2024-10-20,Red collection husband investment employee.
422,52,182,1,2024-09-08,Color note add moment significant up.
423,13,221,4,2025-06-22,Budget require course technology site explain management.
424,26,44,5,2024-09-24,Task outside yet executive quality industry.
425,66,79,4,2025-01-10,Agreement wish dog late.
426,16,250,1,2024-11-09,Old positive beat light the window.
427,20,129,2,2025-01-06,Require remain save eight believe.
428,61,203,3,2024-08-27,Four dog traditional.
429,39,187,4,2025-03-28,Remember special accept mean herself within provide car.
430,24,275,3,2025-07-17,American conference college manage fund life bed.
431,14,225,4,2025-05-07,Item employee finish without material wind exactly.
432,21,72,3,2024-12-23,Executive theory party seven enough fine.
433,56,3,3,2025-07-17,Firm yes shake character.
434,26,57,2,2025-07-02,Apply chance discover along employee relationship.
435,37,21,2,2025-01-21,Yet until American ground.
436,51,216,3,2025-05-07,Magazine manage suffer term buy behavior test.
437,5,83,2,2024-10-14,Seek state none production.
438,62,137,1,2024-10-26,Your above short Congress turn east marriage behind.
439,54,251,5,2024-12-10,Expect wonder business.
440,64,66,3,2024-12-28,Upon black food ahead least remain look pick.
441,52,257,4,2024-11-17,Price forget analysis performance laugh water yourself trade.
442,17,57,1,2025-06-10,Can tell soon executive sometimes season natural.
443,3,65,2,2025-03-26,Begin effort drive side human after.
444,45,257,1,2024-10-24,Home I positive west.
445,31,27,3,2024-10-03,Fear song save TV.
446,55,5,4,2025-07-21,Capital program story mention majority those live none.
447,62,149,3,2025-01-16,Series specific pass its.
448,63,43,4,2025-01-17,American game less difference.
449,32,79,5,2025-04-28,Us money positive base.
450,24,128,3,2025-02-02,Bad soon feel worker range feel.
451,15,135,2,2024-11-09,Into notice necessary true message member including.
452,55,102,4,2025-02-01,Spend green one shoulder administration scientist leg.
453,14,258,5,2025-06-06,Successful and indicate region.
454,24,97,5,2024-12-04,Right serious last space game truth special decision.
455,20,118,1,2024-09-04,Else pull its adult house actually pretty least.
456,17,206,1,2025-01-09,Rise field spend pattern real white push source.
457,36,99,2,2024-09-08,Career course staff receive.
458,55,10,5,2024-10-17,Decide possible power.
459,26,47,1,2025-01-21,Teach Mrs beat show challenge instead bring total.
460,49,209,5,2025-05-18,White likely teacher one cut notice.
461,40,119,2,2025-06-24,Anything account piece require woman support.
462,44,219,4,2025-05-18,Other never fact maintain main opportunity particularly question.
463,8,262,4,2025-06-18,Discussion art affect office network environmental possible.
464,7,156,1,2025-07-16,Bring performance position large job claim risk.
465,35,187,3,2025-02-03,Just medical onto rate two table.
466,45,215,2,2025-05-09,Capital fall represent where strategy pull same.
467,41,25,2,2025-06-10,Son suddenly perform executive see project can.
468,6,1,1,2024-10-21,Paper beyond indeed year.
469,42,109,3,2024-11-30,Decide another adult thing ground.
470,61,144,5,2024-10-05,Still thus allow as.
471,13,221,2,2025-01-19,Pay building difference election.
472,33,252,3,2024-12-15,Show show news to table them.
473,43,156,1,2025-03-27,Relationship unit just lead.
474,13,7,5,2025-06-27,Window sit participant teach.
475,17,170,3,2024-09-13,Among black picture that treat church factor.
476,47,271,5,2025-01-23,Marriage that child hair standard but dark.
477,48,122,3,2025-01-13,Early speak game.
478,27,300,4,2025-02-17,Be head senior guess.
479,12,55,2,2025-04-20,Charge send instead direction soon.
480,16,22,5,2025-01-12,Together weight might radio want kind.
481,25,99,4,2025-05-31,Response military attorney.
482,13,39,5,2024-12-14,I sign its hotel also two.
483,44,155,4,2024-10-02,Around place require produce mind fast I.
484,26,274,2,2025-04-26,Them return finish general still too particular.
485,6,66,2,2024-10-01,Land day name small present recently.
486,54,282,3,2025-07-15,Simple thing base Mr hope rest.
487,72,178,3,2025-07-12,Minute must degree memory.
488,58,61,4,2024-12-04,Future player age three music else strategy.
489,9,248,4,2024-12-01,Would book art health phone great.
490,68,258,1,2024-08-23,Large occur accept fund.
491,22,141,2,2024-11-04,Not thus physical mouth other go expect size.
492,38,24,5,2025-05-09,Public research mind easy foreign old state.
493,8,98,4,2024-12-23,Better Republican stock bank artist thousand live.
494,64,273,5,2025-01-25,Hard moment open million.
495,10,85,4,2025-01-05,Once PM you ready way.
496,66,197,5,2025-05-16,Statement certain camera represent can relate.
497,50,206,5,2025-07-06,Brother defense list second want hard weight.
498,35,106,2,2025-03-26,Book hard face mission brother figure.
499,1,82,5,2024-12-28,Family agreement central six instead.
500,28,5,5,2025-08-03,Threat democratic standard major business.
501,59,258,5,2024-12-18,That individual of not.
502,34,156,2,2025-07-20,Sit little result paper seven measure.
503,38,138,5,2025-01-31,Project chance road become person perhaps hold.
504,16,88,2,2025-07-20,Fund animal provide kitchen everyone because.
505,6,274,2,2024-10-08,Occur someone religious.
506,38,21,2,2025-03-10,Popular be western my.
507,36,69,3,2025-05-26,Whatever miss seek.
508,7,128,2,2025-02-16,Build view conference.
509,69,60,1,2024-08-12,Skill early relationship thought know.
510,45,189,3,2025-06-14,Parent I and technology age join increase.
511,11,282,3,2025-07-04,Fish either boy between collection century eight.
512,18,210,5,2024-09-08,Fill imagine college pass.
513,38,167,1,2024-12-09,Agree around hope floor.
514,2,183,2,2025-01-12,Election walk tonight appear dream others.
515,36,91,3,2024-11-04,Meet mean we especially five network assume.
516,3,276,5,2024-08-16,Plant trial affect never only big.
517,14,196,3,2025-05-28,Prepare by nothing land suffer matter situation.
518,71,106,4,2024-09-29,Music collection early weight which new.
519,29,167,3,2024-08-21,Spend which per.
520,27,298,4,2025-04-15,A value lot our.
521,20,229,2,2025-06-27,Yourself successful defense subject example claim.
522,56,189,2,2025-02-28,Attorney bed recognize store rise your there.
523,62,48,4,2024-10-25,Measure soon this war play woman remain event.
524,24,236,2,2025-04-19,Game least outside administration reality position.
525,23,97,5,2024-08-05,Live top pull including time reflect several Mrs.
526,63,93,3,2025-06-06,Much throughout staff knowledge.
527,3,159,2,2024-09-21,Will heavy over hit stuff speech.
528,23,202,5,2024-08-08,Leg view know develop.
529,25,36,2,2024-08-12,Quite remember course staff personal.
530,10,219,2,2025-06-14,Doctor management guy exactly toward.
531,59,207,1,2025-05-06,Decide cultural start how thank notice management necessary.
532,68,71,1,2025-04-18,Public owner compare open second camera value.
533,13,194,4,2025-07-03,Thing rock ever summer age.
534,3,57,1,2025-05-01,Pass quite third ability interview pull practice.
535,6,68,2,2025-07-02,Item yet ever quite level guess.
536,11,138,2,2025-05-26,This different everyone.
537,2,5,1,2025-01-15,Large accept create bank occur agent scene.
538,70,174,1,2025-04-29,When true culture forget as personal.
539,26,72,4,2024-08-15,It agency something various subject east list.
540,73,228,2,2024-12-15,Start mind door.
541,40,170,4,2024-09-02,People shake personal often beat art almost finish.
542,20,125,1,2025-06-30,Site artist sort area.
543,70,137,5,2025-03-30,It big argue appear sure I pay in.
544,16,11,1,2025-07-06,Skin perhaps law less into per big prepare.
545,14,279,3,2025-04-24,Law foreign court.
546,14,262,4,2024-09-13,Organization attack smile.
547,19,1,2,2024-10-19,Call meeting green loss per control case.
548,4,117,4,2024-08-22,Camera once message prepare.
549,50,76,3,2024-12-21,On must certainly light owner.
550,37,116,4,2024-11-26,Wife military price certain down standard.
551,15,252,2,2025-03-10,Instead crime customer.
552,15,115,1,2025-07-23,Size game property reason word.
553,37,183,1,2025-03-25,System not friend federal forget bit.
554,43,61,3,2025-07-11,Many turn police.
555,11,23,5,2025-05-01,Level defense lose shoulder spring.
556,20,92,4,2025-06-14,Day contain wrong guy available air.
557,68,172,5,2024-09-18,Fact create one she.
558,24,218,2,2024-08-22,Current exist despite.
559,39,147,3,2024-11-14,Fund never condition again.
560,14,139,4,2025-06-28,Treat again quality her skin.
561,48,136,1,2024-09-17,Very figure drive special produce wait.
562,1,77,2,2025-06-11,Think there assume certain under some court her.
563,41,76,4,2024-12-28,Outside with each animal pattern country.
564,58,245,1,2025-02-28,Smile foreign apply somebody their.
565,15,296,4,2025-07-01,Why though decide bank likely professional ask.
566,36,75,1,2025-02-18,Seem population meeting material less focus.
567,42,66,2,2024-12-28,Reason resource manager environmental husband TV once.
568,50,181,3,2024-08-19,Detail data tell how fill.
569,64,218,4,2025-07-16,Number very hear nearly care base.
570,53,171,2,2025-01-24,Goal once let perform international level important.
571,32,197,4,2025-06-13,First him conference doctor population grow bar.
572,71,255,5,2025-06-28,Mention poor skill unit better author although.
573,69,253,5,2024-10-21,Cultural forget few spring raise ever.
574,69,118,4,2025-05-06,Your your sell science treatment across federal state.
575,11,298,4,2025-06-05,Watch state serious activity pressure writer.
576,68,296,2,2024-10-01,Dinner rich decide do only need.
577,12,121,3,2025-02-03,Future beat suffer investment walk individual just.
578,1,105,1,2025-07-02,Air catch them figure scene matter probably.
579,47,286,4,2024-12-20,Different international sell several real federal.
580,18,57,1,2025-03-20,Nothing allow cause.
581,45,185,2,2024-12-11,Picture owner part term woman daughter hospital.
582,38,236,2,2025-02-28,Could board notice later thus behavior.
583,71,216,2,2024-09-14,Concern step owner agree current treat history.
584,27,115,1,2024-10-23,Fact modern lawyer happy action.
585,18,61,2,2024-12-09,Hospital writer can industry sea home.
586,49,14,4,2025-07-21,Candidate day it report little.
587,48,28,1,2025-03-27,Voice onto maybe range every account central.
588,75,38,4,2024-08-29,Painting east forget notice make leg.
589,21,16,2,2024-08-20,Explain thing lead red.
590,47,73,1,2025-05-08,Hospital statement sure indeed conference.
591,32,40,1,2025-04-01,Leader treat contain notice hour watch.
592,73,214,2,2024-11-06,Event physical factor trouble.
593,24,241,2,2025-05-03,Training in seven building hard.
594,68,154,4,2025-05-25,Mean single improve close.
595,53,173,4,2024-10-24,And ago police put left gas human.
596,2,147,1,2024-10-19,Also economy remember carry prove less.
597,20,31,1,2025-01-31,Bar prevent require just.
598,23,258,2,2025-02-03,Success color adult beyond family.
599,2,203,4,2025-02-28,Collection provide action event key concern.
600,59,284,3,2025-05-09,Throughout mother kind.
